No;Nama;Rating;Comments;Links
1;Honda BeAT CBS;5;seller fast respon, berintegritas dan helpful kepada pembeli, rekomendasi jika mau beli motor via online;https://www.tokopedia.com/ajaya-179/sepeda-motor-honda-beat-cbs-silver-black-jkt-tangerang?extParam=ivf%3Dfalse%26src%3Dsearch
2;Honda BeAT CBS;5;Semua layanan dan service toko nya bagus, komunikatif penjualnya sehingga memudahkan buat saya untuk segera eksekusi. Rekomen beli di sini, terima kasih.;https://www.tokopedia.com/ajaya-179/sepeda-motor-honda-beat-cbs-silver-black-jkt-tangerang?extParam=ivf%3Dfalse%26src%3Dsearch
3;Honda BeAT CBS;5;Kendaraan sangat bagus, tepat waktu, toko nya amanah. Harap belanja kendaraan dsini aja. Unit LBH cepat sampai dri yg di bayang kan,, sukses ya mas toko nya;https://shopee.co.id/HONDA-BEAT-CBS-SEPEDA-MOTOR-i.213225439.7712625747
4;Honda BeAT CBS;5;Pelayanan cepet dan respon cepet pokoknya mantap;https://shopee.co.id/HONDA-BEAT-CBS-SEPEDA-MOTOR-i.213225439.7712625747
5;Honda BeAT CBS;5;Proses dan pengiriman cepat sampai sesuai dengan pesanan kami;https://shopee.co.id/HONDA-BEAT-CBS-SEPEDA-MOTOR-i.213225439.7712625747
6;Honda BeAT CBS;5;Puas Berkali-kali beli motor di sini nih: PUAS PERTAMA Selernya responsive banget dan baik hatinya. Dari pihak Honda juga sangat baik pelayanannya. PUAS KEDUA Sebelumnya diinfokan kalau motornya indent kurang lebih 3 bulan dan saya cek dimana-mana memang indentnya cukup lama, berhubung ada masalah pasokan dari Hondanya. Tapi Alhamdulilah seller berusaha keras agar bisa mendapatkan barang dalam waktu cepat, dan alhamdulilah seller bisa mengirimkan motor kurang dari 1 bulan. Luar Biasa !!! PUAS KETIGA Akhirnya bisa beli motor menggunakan kartu kredit dengan bunga 0% di sini, dan prosesnya gampang sekali. Walaupun cicilan sampai 1 tahun, tapi BPKB bisa kita diambil tanpa menunggu cicilan lunas. Terima kasih ya Gan.. sukses selalu untuk usahanya..;https://www.tokopedia.com/ajaya-179/sepeda-motor-honda-beat-cbs-red-black-depok-bekasi?extParam=ivf%3Dfalse%26src%3Dsearch
7;Honda BeAT CBS;5;Pengiriman lebih cepat dari janji semula. Kondisi dan perlengkapan motor sempurna. Terima kasih seller.;https://www.tokopedia.com/ajaya-179/sepeda-motor-honda-beat-cbs-red-black-bogor?extParam=ivf%3Dfalse%26src%3Dsearch
8;Honda BeAT CBS;1;sudah hampir 1 bulan sejak motor dikirim, tp plat nomor dan stnk masih belum jadi juga. sementara pembelian unit di toko yg lain belum nyampe 3 minggu sudah jadi. Kendala: Pelayanan penjual kurang, Pengiriman lama;https://www.tokopedia.com/ajaya-179/sepeda-motor-honda-beat-cbs-red-black-bogor?extParam=ivf%3Dfalse%26src%3Dsearch
9;Honda BeAT CBS;5;Barang datangnya cepat. Sudah sesuai pesanan. Sangat memuaskan.;https://www.tokopedia.com/ajaya-179/sepeda-motor-honda-beat-cbs-red-black-jkt-tangerang?extParam=ivf%3Dfalse%26src%3Dsearch
10;Honda BeAT CBS;5;motor ok, pengiriman ok, seller terpercaya nih. mantap;https://www.tokopedia.com/ajaya-179/sepeda-motor-honda-beat-cbs-rock-black-jkt-tangerang?extParam=ivf%3Dfalse%26src%3Dsearch
11;Honda BeAT CBS;5;Respon penjual ramah , ga sampai 3 hari barang sudah sampai. banyak bonusannya . mantap , tinggal tunggu stnk;https://www.tokopedia.com/ajaya-179/sepeda-motor-honda-beat-cbs-rock-black-jkt-tangerang?extParam=ivf%3Dfalse%26src%3Dsearch
12;Honda BeAT CBS;5;fast respon, pengiriman cepat. maksih numa motor.;https://shopee.co.id/HONDA-BEAT-CBS-SEPEDA-MOTOR-i.213225439.7712625747
13;Honda BeAT CBS;5;Good seller pesan malam motor besoknya langsung datang nggak pake lama proses cepat fast respon banget pokoknya bagus top, Semoga makin sukses ya,, Thank you ;https://shopee.co.id/HONDA-BEAT-CBS-SEPEDA-MOTOR-i.213225439.7712625747
14;Honda BeAT CBS;5;AlhamduliLLAH motor nya dah datang. Proses nya sangat cepat. Penjual dan dealernya ramah dan komunikatif. Tetap semangat.. Tetap berbuat baik... Semoga berkah Selalu...;https://shopee.co.id/HONDA-BEAT-CBS-SEPEDA-MOTOR-i.213225439.7712625747
15;Honda BeAT CBS;5;Alhamdulillah motor sampe dg selamat sesuai yg di tawarkan,proses nya jg cpt malam psn besok siang nya sdh di antar dealer,tq..;https://shopee.co.id/HONDA-BEAT-CBS-SEPEDA-MOTOR-i.213225439.7712625747
16;Honda BeAT CBS;5;alhamdulillah prosesnya cepat hanya 2 hari motor sudah dirumah dengan kondisi baru sangat memuaskan sekali layanannya.RECOMMENDED;https://shopee.co.id/HONDA-BEAT-CBS-SEPEDA-MOTOR-i.213225439.7712625747
17;Honda BeAT CBS;5;Seller responsive, pengiriman cepat, barang sesuai ekspektasi . Terima kasih dan sukses selalu;https://shopee.co.id/HONDA-BEAT-CBS-SEPEDA-MOTOR-i.213225439.7712625747
18;Honda BeAT CBS;5;Cepet sampe, cucok lah pokok nya.. tq...;https://shopee.co.id/HONDA-BEAT-CBS-SEPEDA-MOTOR-i.213225439.7712625747
19;Honda BeAT CBS;4;Mantap zooos motornya;https://shopee.co.id/HONDA-BEAT-CBS-SEPEDA-MOTOR-i.213225439.7712625747
20;Honda BeAT CBS;5;AlhamduliLLAH.. Tetap Semangat.. Tetap Berbuat Baik.. Semoga Berkah Selalu.. ;https://shopee.co.id/HONDA-BEAT-CBS-SEPEDA-MOTOR-i.213225439.7712625747
21;Yamaha All New Nmax Connected Version - Nik 2022;5;Mantap Proses Mudah Unit Dikirim Cepet;https://www.tokopedia.com/yamaha-pegasus/yamaha-all-new-nmax-connected-version-nik-2022-hitam-jkt-tgr?extParam=ivf%3Dfalse&src=topads
22;Yamaha All New Nmax Connected Version - Nik 2022;5;paket sudah sampai walaupun pengiriman sempat tertunda, untuk produk dan layanan sudah bagus.;https://www.tokopedia.com/yamaha-pegasus/yamaha-all-new-nmax-connected-version-nik-2022-hitam-jkt-tgr?extParam=ivf%3Dfalse&src=topads
23;Yamaha All New Nmax Connected Version - Nik 2022;5;Pengiriman dijanjikan seminggu...voila unit datang dalam kondisi baik dan benar, dokumen lengkap + bonusnya. dapat cashback juga, mungkin yg perlu diperbaiki bensin motornya jangan kurang2 banget, setidaknya cukup untuk sampe pom bensin..tinggal nunggu stnk bpkb..semoga cepat selesainya..sukses terus buat seller dan tokped;https://www.tokopedia.com/yamaha-pegasus/yamaha-all-new-nmax-connected-version-nik-2022-silver-bekasi-depok?extParam=ivf%3Dfalse&src=topads
24;Yamaha All New Nmax Connected Version - Nik 2022;1;Kendala: Pelayanan penjual kurang;https://www.tokopedia.com/yamaha-pegasus/yamaha-all-new-nmax-connected-version-nik-2022-silver-bekasi-depok?extParam=ivf%3Dfalse&src=topads
25;Yamaha ALL NEW NMAX 155 STANDARD 2023;5;Terima kasih atas pelayanan yang luar biasa, ini beli NMX yang ke-2 Pertahankan dan tingkatkan terus standar layananya;https://www.tokopedia.com/detayamaha/deta-sepeda-motor-yamaha-all-new-nmax-155-standard-2023-metallic-red-cirebon?extParam=ivf%3Dfalse%26src%3Dsearch
26;Yamaha ALL NEW NMAX 155 STANDARD 2023;5;Terimakasih, super cepaaaat dan adminnya fast responn;https://www.tokopedia.com/detayamaha/deta-sepeda-motor-yamaha-all-new-nmax-155-standard-2023-matte-black-jadetabek?extParam=ivf%3Dfalse%26src%3Dsearch
27;Yamaha ALL NEW NMAX 155 STANDARD 2023;5;admin & kurir sangat ramah proses pun cepat di kasih tau pula voucher diskon nya. Diskon mantap;https://www.tokopedia.com/detayamaha/deta-sepeda-motor-yamaha-all-new-nmax-155-standard-2023-matte-black-jadetabek?extParam=ivf%3Dfalse%26src%3Dsearch
28;Yamaha ALL NEW NMAX 155 STANDARD 2023;5;Cepat dan mantap;https://www.tokopedia.com/detayamaha/deta-sepeda-motor-yamaha-all-new-nmax-155-standard-2023-metallic-blue-jadetabek?extParam=ivf%3Dfalse%26src%3Dsearch
29;Yamaha ALL NEW NMAX 155 STANDARD 2023;5;Proses cepat & mudah. Pengirimannya terlalu sore;https://www.tokopedia.com/detayamaha/deta-sepeda-motor-yamaha-all-new-nmax-155-standard-2023-metallic-blue-jadetabek?extParam=ivf%3Dfalse%26src%3Dsearch
30;Yamaha ALL NEW NMAX 155 STANDARD 2023;5;sangat menyenangkan dan gak nyangka beli motor bisa online ya awalnya sih ragu dan takut ya campur aduk deh kayak orang gak percaya gitu ternyata pesen hari ini besok diantar tapi untuk BPKB nya nunggu 3 bulan dan STNK 3 minggu. minta-minta cepat dan awalnya takut tapi lihat dari komenan dan review pembeli sebelum-sebelumnya semua mengatakan puas dan menyukainya Keren bisa beli mobil di Tokopedia Diskon mantap Proses cepat & mudah;https://www.tokopedia.com/detayamaha/deta-sepeda-motor-yamaha-all-new-nmax-155-standard-2023-metallic-blue-jadetabek?extParam=ivf%3Dfalse%26src%3Dsearch
31;Yamaha ALL NEW NMAX 155 CONNECTED 2023;5;admin tokped responnya cepat, unit pun cepat dikirim hanya menunggu H+1, walaupun ada sedikit kendala pada unit dan dealer yang mengirim namun admin di tokped sangat solutif dan cepat tanggap menyelesaikan, STNK selesai lebih cepat dari waktu yang diperkirakan, mantap.. mudah2an BPKB nya juga cepat selesai dan motornya awet;https://www.tokopedia.com/detayamaha/deta-sepeda-motor-yamaha-all-new-nmax-155-connected-2023-prestige-silver-jadetabek?extParam=ivf%3Dfalse%26src%3Dsearch
32;Yamaha ALL NEW NMAX 155 CONNECTED 2023;5;Recommended;https://www.tokopedia.com/detayamaha/deta-sepeda-motor-yamaha-all-new-nmax-155-connected-2023-prestige-silver-jadetabek?extParam=ivf%3Dfalse%26src%3Dsearch
33;Yamaha ALL NEW NMAX 155 CONNECTED 2023;5;admin fast response. pagi transaksi, sore udah di terima.;https://www.tokopedia.com/yamahapbm/motor-yamaha-all-new-nmax-155-connected-otr-jabodetabek-banten-2022-silver-bekasi-depok?extParam=ivf%3Dfalse%26src%3Dsearch
34;Yamaha ALL NEW NMAX 155 CONNECTED 2023;5;Berhubung ABS masih blm ready akhirnya ambil yang non ABS. Tapi yang bikin kaget disini respond selller nya, cepat banget,bales chat cepat, pengiriman cepat, hari ini confirm besok dikirim. Mantap, puas banget sama servis nya Deta.;https://www.tokopedia.com/detayamaha/deta-sepeda-motor-yamaha-all-new-nmax-155-connected-2023-matte-black-jadetabek?extParam=ivf%3Dfalse%26src%3Dsearch
35;Yamaha ALL NEW NMAX 155 CONNECTED 2023;5;Alhamdulillah kondisi motornya mulus, helm dan dudukan plat nomornya bagus dan pengirim nya baik dan sopan Terimakasih.;https://www.tokopedia.com/detayamaha/deta-sepeda-motor-yamaha-all-new-nmax-155-connected-2023-matte-black-jadetabek?extParam=ivf%3Dfalse%26src%3Dsearch
36;Yamaha ALL NEW NMAX 155 CONNECTED 2023;5;mantap, sehari setelah transaksi, langsung dikirim;https://www.tokopedia.com/yamahapbm/motor-yamaha-all-new-nmax-155-connected-abs-otr-jabodetabek-banten-jkt-tgr?extParam=ivf%3Dfalse%26src%3Dsearch
37;Yamaha ALL NEW NMAX 155 CONNECTED 2023;5;Keren bisa beli motor di Tokopedia. Proses cepat & mudah.  seller komunikatif;https://www.tokopedia.com/yamahapbm/motor-yamaha-all-new-nmax-155-connected-abs-otr-jabodetabek-banten-jkt-tgr?extParam=ivf%3Dfalse%26src%3Dsearch
38;Yamaha ALL NEW NMAX 155 CONNECTED 2023;5;Cakep servis fast respon, antar motor lebih cepet daripada antar pesanan saya yang lain. Takjub!;https://www.tokopedia.com/detayamaha/deta-sepeda-motor-yamaha-all-new-nmax-155-connected-2023-matte-black-jadetabek?extParam=ivf%3Dfalse%26src%3Dsearch
39;Yamaha ALL NEW NMAX 155 CONNECTED 2023;5;Yang paling cepat menjawab saat ditanya. Gak kayak lapak dealer lain yang kayak gak niat jualan nya Jaman pandemi gini jualan kok gak gercep sih? Gimana ya? Makanya saya beli ke sini aja. Sales ramah, sigap meski pelit gak ada diskon dll sama sekali wkwkwkwkw (mungkin karna unit paling terbaru alias Januari 2022). Pengiriman juga cepat dan komunikasi bagus. STNK aja yg lama, katanya bisa sebulan lebih.;https://www.tokopedia.com/yamahapbm/motor-yamaha-all-new-nmax-155-connected-abs-otr-jabodetabek-banten-jkt-tgr?extParam=ivf%3Dfalse%26src%3Dsearch
40;Yamaha ALL NEW NMAX 155 CONNECTED 2023;5;Pelayanannya Bagus, Seller responsif, Pengiriman cepat 1 hari udah sampai. Semoga untuk penanganan stnk dan bkpb nya cepat juga;https://www.tokopedia.com/detayamaha/deta-sepeda-motor-yamaha-all-new-nmax-155-connected-2023-matte-black-jadetabek?extParam=ivf%3Dfalse%26src%3Dsearch
41;Yamaha ALL NEW NMAX 155 CONNECTED 2023;5;super cepet ga sampe 24jam sampe;https://www.tokopedia.com/yamahakencanamotor/kencana-sepeda-motor-yamaha-all-new-nmax-155-connected-2023-matte-black-jkt-tgr-1d20e?extParam=ivf%3Dfalse%26src%3Dsearch
42;Yamaha ALL NEW NMAX 155 CONNECTED 2023;5;Diskon mantap Proses cepat & mudah. Pesan kemarin siang. Dan pagi nya sudah lgs sampe unitnya. Mantap bgt.... Tinggal tunggu STNK , Plat nomor dan BPKB saja semoga bisa cepat jg deh.;https://www.tokopedia.com/yamahakencanamotor/kencana-sepeda-motor-yamaha-all-new-nmax-155-connected-2023-matte-black-jkt-tgr-1d20e?extParam=ivf%3Dfalse%26src%3Dsearch
43;Yamaha ALL NEW NMAX 155 CONNECTED 2023;5;Mantap pelayanan ramah dan cepat, tinggal memunggu stnk dan bpkb;https://www.tokopedia.com/yamahapbm/motor-yamaha-all-new-nmax-155-connected-otr-jabodetabek-banten-2022-hitam-jkt-tgr?extParam=ivf%3Dfalse%26src%3Dsearch
44;Yamaha ALL NEW NMAX 155 CONNECTED 2023;5;pelayan ramah dan cepat..recommended seller;https://www.tokopedia.com/yamahapbm/motor-yamaha-all-new-nmax-155-connected-otr-jabodetabek-banten-2022-hitam-jkt-tgr?extParam=ivf%3Dfalse%26src%3Dsearch
45;Yamaha ALL NEW NMAX 155 CONNECTED 2023;5;Pelayanannya mantap, dan sangat ramah;https://www.tokopedia.com/yamahapbm/motor-yamaha-all-new-nmax-155-connected-otr-jabodetabek-banten-2022-hitam-jkt-tgr?extParam=ivf%3Dfalse%26src%3Dsearch
46;Yamaha ALL NEW NMAX 155 CONNECTED 2023;5;mantab... pelayanan cepat ramah dan oke banget Terima kasih, sukses buat toko juragan.;https://www.tokopedia.com/yamahapbm/motor-yamaha-all-new-nmax-155-connected-otr-jabodetabek-banten-2022-hitam-jkt-tgr?extParam=ivf%3Dfalse%26src%3Dsearch
47;Yamaha ALL NEW NMAX 155 CONNECTED 2023;5;Penjual ramah n fast respon. Barang di terima dengan baik.;https://www.tokopedia.com/detayamaha/deta-sepeda-motor-yamaha-all-new-nmax-155-connected-2023-matte-green-jadetabek?extParam=ivf%3Dfalse%26src%3Dsearch
48;Yamaha ALL NEW NMAX 155 CONNECTED 2023;5;sudah di terima dengan baik...pelayanan bagus, seller komunikatif. tinggal nunggu STNK dan BPKP semoga semua lancar ..;https://www.tokopedia.com/detayamaha/deta-sepeda-motor-yamaha-all-new-nmax-155-connected-2023-matte-green-jadetabek?extParam=ivf%3Dfalse%26src%3Dsearch
49;Yamaha ALL NEW NMAX 155 CONNECTED 2023;5;Seller komunikatif, barang sehari sampai. Terima kasih yaa..;https://www.tokopedia.com/detayamaha/deta-sepeda-motor-yamaha-all-new-nmax-155-connected-2023-matte-green-jadetabek?extParam=ivf%3Dfalse%26src%3Dsearch
50;Yamaha ALL NEW NMAX 155 CONNECTED 2023;5;cari nmax di Tokopedia, ketemu dealer Yamaha Plaza Bintang Makmur..lanjut tanya via chat dan minta di FU via WA..dan komunikasi dgn Mbak Enno. Pertama kali beli mtr online..dan ada potongan kode voucher 900rb dr tokopedia jg jadi lumayan. Order deal di Senin, Selasa langsung diproses kirim dan terima unitnya (krn butuh cepat supaya tdk inden ada tambahan UP revisi faktur). Senang sekali cuma kl boleh tips, bensin di mtr bantu isikan sedikit. Pas dites mau bawa ke pom bensin malah mati dijalan hehehe..ditunggu proses surat2 nya. Thank you Mbak Enno dan Yamaha Plaza Bintang Makmur. Keren bisa beli mobil di Tokopedia, Proses cepat & mudah, Diskon mantap!;https://www.tokopedia.com/yamahapbm/motor-yamaha-all-new-nmax-155-connected-abs-otr-jabodetabek-banten-banten-plat-a?extParam=ivf%3Dfalse%26src%3Dsearch
51;Yamaha ALL NEW NMAX 155 CONNECTED 2023;5;Bagus semua nya proses pengiriman cepet bgt gak perlu nunggu lama;https://www.tokopedia.com/yamahapbm/motor-yamaha-all-new-nmax-155-connected-otr-jabodetabek-banten-2022-hijau-jkt-tgr?extParam=ivf%3Dfalse%26src%3Dsearch
52;Yamaha ALL NEW NMAX 155 CONNECTED 2023;5;mantap lah, tinggal nunggu BPKB nya keluar., yg daerah Jabodetabek jangan ragu beli motor disini. cuma 1 hal yg ingin saya sampaikan., tolong berantas abis org2 marketing yg di dealer penjualan Yamaha khususnya., org2 marketing nya main nakal semua, masa iya mau beli cash motor gak bisa, justru dipaksa kredit.. mending beli online begini mantap., udah gitu dapat diskon lagi. sukses selalu mbak enno yg sudah ramah membantu pembelian NMAX ini. terimakasih;https://www.tokopedia.com/yamahapbm/motor-yamaha-all-new-nmax-155-connected-otr-jabodetabek-banten-2022-hijau-jkt-tgr?extParam=ivf%3Dfalse%26src%3Dsearch
53;Yamaha ALL NEW NMAX 155 CONNECTED 2023;5;Pelayanannya benar benar mantap. Terima kasih mbak Enno yang sigap jawab pertanyaan ini itu. Saya tinggal klik klik dan bayar, besoknya motor udah sampe rumah.;https://www.tokopedia.com/yamahapbm/motor-yamaha-all-new-nmax-155-connected-otr-jabodetabek-banten-2022-hijau-jkt-tgr?extParam=ivf%3Dfalse%26src%3Dsearch
54;Yamaha ALL NEW NMAX 155 CONNECTED 2023;5;kerennn.. minta warna yang jarang, gk pakai lama di proses untuk pembayaran cash. luar biasa pelayanan nya. sukses terus dan makin jaya. terima kasih sebelum nya.Diskon mantap. Proses cepat & mudah. Keren bisa beli mobil di Tokopedia.;https://www.tokopedia.com/yamahapbm/motor-yamaha-all-new-nmax-155-connected-otr-jabodetabek-banten-2022-hijau-jkt-tgr?extParam=ivf%3Dfalse%26src%3Dsearch
55;Yamaha FAZZIO NEO 2023;5;mantap,,,, baarakallahu semoga lancar terus, sekali belanja motor online langsung dapat yang paten nih, ditunggu stnk dan bpkb nya gaan. proses cepat dikirim cepat.....mantul pokok nya;https://www.tokopedia.com/detayamaha/deta-sepeda-motor-yamaha-fazzio-neo-2023-jabodetabekser-neo-cyan-serang?extParam=whid%3D6611150
56;Yamaha FAZZIO NEO 2023;5;ganteng parah fazzio nya;https://www.tokopedia.com/detayamaha/deta-sepeda-motor-yamaha-fazzio-neo-2023-jabodetabekser-neo-dull-blue-jakarta?extParam=whid%3D6611150
57;Yamaha FAZZIO NEO 2023;5;Aman, bagus warna biru nya , sayang helm nya bukan biru tapi malah warna tosca, datengnya 10 hari sebelum 35hari lebih cepat , stnk 21 hari , tgl nunggu BPKB;https://www.tokopedia.com/yamaha-pegasus/indent-online-all-new-yamaha-fazzio-neo-biru-muda-jkt-tgr?extParam=ivf%3Dfalse
58;Yamaha FAZZIO NEO 2023;5;Order tgl 14 Maret, Tgl 23 Maret 2023 udh dtng aj. Thanks seller pdhl katanya indent 2 bln;https://www.tokopedia.com/yamaha-pegasus/indent-online-all-new-yamaha-fazzio-neo-biru-muda-jkt-tgr?extParam=ivf%3Dfalse
59;Yamaha FAZZIO NEO 2023;2;barang belum sampai, tapi pesanan sudah diubah statusnya jadi selesai. Kendala: Tidak lengkap / salah kirim, Pengiriman lama;https://www.tokopedia.com/yamaha-pegasus/indent-online-all-new-yamaha-fazzio-neo-biru-muda-jkt-tgr?extParam=ivf%3Dfalse
60;Yamaha FAZZIO NEO 2023;5;Respon cepat, order hari sabtu hari senin motornya datang (hari minggu tutup). Tp respon chat selalu di balas ;https://www.tokopedia.com/detayamaha/deta-sepeda-motor-yamaha-fazzio-neo-2023-jabodetabekser-neo-beige-bekasi-depok?extParam=whid%3D6611150
61;Yamaha FAZZIO NEO 2023;5;Diskon mantap Proses cepat & mudah;https://www.tokopedia.com/detayamaha/deta-sepeda-motor-yamaha-fazzio-neo-2023-jabodetabekser-neo-beige-bekasi-depok?extParam=whid%3D6611150
62;Yamaha FAZZIO NEO 2023;5;Proses cepat & mudah Diskon mantap proses cuma sehari, motor lgs dikirim. tinggal tunggu dokumen2. pengantar nya pak Adam, sangat ramah. dan chat dgn admin lwt tokped juga cepat dibalas.;https://www.tokopedia.com/detayamaha/deta-sepeda-motor-yamaha-fazzio-neo-2023-jabodetabekser-neo-beige-bekasi-depok?extParam=whid%3D6611150
63;Yamaha FAZZIO NEO 2023;5;Barang bagus, sesuai pesanan. Info indent 2 bulan, tp baru 2 minggu udh dikirim. Pelayanan bagus banget, top Laaaah;https://www.tokopedia.com/yamaha-pegasus/indent-online-all-new-yamaha-fazzio-neo-krem-bogor?extParam=ivf%3Dfalse
64;Yamaha FAZZIO NEO 2023;5;pengiriman super cepat, estimasi 1 bulan kurang dari 1 minggu udah datang... mimin fast response, baik hati sabar ngebantu dan jawab setiap pertanyaan...;https://www.tokopedia.com/yamaha-pegasus/indent-online-all-new-yamaha-fazzio-neo-krem-bogor?extParam=ivf%3Dfalse
65;Yamaha FAZZIO NEO 2023;5;Barang Sudah sampai, tinggal tunggu STNK & BPKB jadi, Terima kasih;https://www.tokopedia.com/yamaha-pegasus/indent-online-all-new-yamaha-fazzio-neo-krem-bogor?extParam=ivf%3Dfalse
66;Yamaha FAZZIO NEO 2023;5;pengiriman cepat. terimakasih;https://www.tokopedia.com/yamaha-pegasus/indent-online-all-new-yamaha-fazzio-neo-krem-jkt-tgr?extParam=ivf%3Dfalse
67;Yamaha FAZZIO NEO 2023;5;Pengiriman sesuai jadwal yaitu 3 bulan (tepat dikatakan bahwa ini indent), tidak ada kecacatan, sesuai warna, semuanya bagus, driver juga menjelaskan pemakaian keyless dengan baik dan jelas.;https://www.tokopedia.com/yamaha-pegasus/indent-online-all-new-yamaha-fazzio-neo-krem-jkt-tgr?extParam=ivf%3Dfalse
68;Yamaha FAZZIO NEO 2023;4;oke, namun indentnya 3 bulan;https://www.tokopedia.com/yamaha-pegasus/indent-online-all-new-yamaha-fazzio-neo-hitam-bekasi-depok?extParam=ivf%3Dfalse
69;Yamaha FAZZIO NEO 2023;5;Sesungguhnya harus penuh kesabaran buat beli Motor ini. karena Indent nya terlalu lama. Sbenernya Request warna Hitam namun apa daya jika warna hitam akan lebih laaaaaamaaa lagi dtgnya. jadi ganti warna ke cyan.. semoga yg lain ga pada indent lama ya. karena awalnya infonya indent 1 bulan tp aktualnya bisa smpe 2 bulan 1minggu. tp TERIMA KASIH Ya.;https://www.tokopedia.com/yamaha-pegasus/indent-online-all-new-yamaha-fazzio-neo-hitam-bekasi-depok?extParam=ivf%3Dfalse
70;Yamaha FAZZIO NEO 2023;5;Proses cepat & mudah. Butuh kurang lebih 12 hari sejak checkout sampai motor dikirim ke rumah;https://www.tokopedia.com/yamaha-pegasus/indent-online-all-new-yamaha-fazzio-neo-hitam-bekasi-depok?extParam=ivf%3Dfalse
71;Yamaha FAZZIO NEO 2023;5;Proses cepat & mudah.  ngga sampai sebulan indent sudah sampai mantab...;https://www.tokopedia.com/yamaha-pegasus/indent-online-all-new-yamaha-fazzio-neo-hitam-bekasi-depok?extParam=ivf%3Dfalse
72;Yamaha FAZZIO NEO 2023;5;Merah merona, tinggal nunggu stnk dan bpkb;https://www.tokopedia.com/yamaha-pegasus/indent-online-all-new-yamaha-fazzio-neo-merah-bekasi-depok?extParam=ivf%3Dfalse
73;Yamaha FAZZIO NEO 2023 ;5;;https://www.tokopedia.com/yamaha-pegasus/indent-online-all-new-yamaha-fazzio-neo-merah-bekasi-depok?extParam=ivf%3Dfalse
74;Yamaha GRAND FILANO NEO 2023;5;udh 2x beli motor disini. joz;https://www.tokopedia.com/detayamaha/deta-sepeda-motor-yamaha-grand-filano-neo-2023-neo-beige-jakarta-521dc?extParam=whid%3D6611150
75;Yamaha GRAND FILANO NEO 2023;5;mantap;https://www.tokopedia.com/detayamaha/deta-sepeda-motor-yamaha-grand-filano-neo-2023-neo-beige-jakarta-521dc?extParam=whid%3D6611150
76;Yamaha GRAND FILANO NEO 2023;5;pembelian ke dua di deta,, puas pelayanan bagus, motor aman sampai tujuan;https://www.tokopedia.com/detayamaha/deta-sepeda-motor-yamaha-grand-filano-neo-2023-neo-beige-jakarta-521dc?extParam=whid%3D6611150
77;Yamaha GRAND FILANO NEO 2023;5;Pembelian ke 3.. Mantap;https://www.tokopedia.com/detayamaha/deta-sepeda-motor-yamaha-grand-filano-neo-2023-neo-dull-blue-jakarta-fd263?extParam=whid%3D6611150
78;Yamaha GRAND FILANO NEO 2023;4;Alhamdulillah akhirnya sampe, di keterangan po 28 hari, sampenya 40hari.;https://www.tokopedia.com/yamaha-pegasus/all-new-yamaha-grand-filano-neo-biru-muda-jkt-tgr?extParam=ivf%3Dfalse
79;Yamaha GRAND FILANO NEO 2023;5;unit sudah diterima dengan baik. terima kasih;https://www.tokopedia.com/yamaha-pegasus/all-new-yamaha-grand-filano-neo-biru-muda-jkt-tgr?extParam=ivf%3Dfalse
80;Yamaha GRAND FILANO NEO 2023;5;Estimasi 3bln tapi nyatanya 1 minggu udah dateng, TOP deh;https://www.tokopedia.com/yamaha-pegasus/all-new-yamaha-grand-filano-neo-biru-muda-jkt-tgr?extParam=ivf%3Dfalse
81;Yamaha GRAND FILANO NEO 2023;5;Terbaiklah ini pelayanannya,cepet ... responsif Recomended !!! dah terparkir di teras rumah !;https://www.tokopedia.com/yamaha-pegasus/all-new-yamaha-grand-filano-neo-hitam-jkt-tgr?extParam=ivf%3Dfalse
82;Yamaha GRAND FILANO NEO 2023;5;Proses cepat & mudah, pesan hari minggu datang senin malam. Tetap di kirim meskipun tiba jam 10:30 Malam. Admin fast respon dan ramah. Top lah rekomend seller;https://www.tokopedia.com/detayamaha/deta-sepeda-motor-yamaha-grand-filano-neo-2023-neo-red-jakarta-bc9e2?extParam=whid%3D6611150
83;Yamaha Gear 125 Standard - NIK 2022;5;Tepat waktu pengiriman motornya;https://www.tokopedia.com/yamaha-pegasus/yamaha-gear-125-standard-nik-2022-metallic-red-jkt-tgr?extParam=ivf%3Dfalse
84;Yamaha Gear 125 Standard - NIK 2022;5;Mantab, pengiriman cepat, motor dikirim aman…seller ramah dan responsive…the best pokoknya;https://www.tokopedia.com/yamaha-pegasus/yamaha-gear-125-standard-nik-2022-metallic-red-jkt-tgr?extParam=ivf%3Dfalse
85;Yamaha Gear 125 Standard - NIK 2022;5;Barang sudah sampai dan Ok;https://www.tokopedia.com/yamaha-pegasus/yamaha-gear-125-standard-nik-2022-metallic-red-jkt-tgr?extParam=ivf%3Dfalse
86;Yamaha Gear 125 Standard - NIK 2022;5;Pertama kali beli motor Lewat Online ga nyangka prosesnya semudah ini Admin Ramah sekali dan Fast Respon Sopir pengiriman juga ramah saat mengantar motor Unit motor Sesuai Ekspektasi, memuaskan tinggal menunggu surat Plat Nomor, Faktur semoga bisa cepat Thanks untuk Yamaha Pegasus Bekasi ;https://www.tokopedia.com/yamaha-pegasus/yamaha-gear-125-standard-nik-2022-hitam-jkt-tgr?extParam=ivf%3Dfalse
87;Yamaha Gear 125 Standard - NIK 2022;5;Kualitas pengiriman terbaik! Motor dikirim dengan baik, plus pengiriman cepat, seller sangat membantu. Dealer terpercaya.. Sungguh rekomen;https://www.tokopedia.com/yamaha-pegasus/yamaha-gear-125-standard-nik-2022-hitam-jkt-tgr?extParam=ivf%3Dfalse
88;Yamaha Gear 125 Standard - NIK 2022;5;mantap servicenya...mantap juga diskonnya... terima kasih;https://www.tokopedia.com/yamaha-pegasus/yamaha-gear-125-standard-nik-2022-hitam-jkt-tgr?extParam=ivf%3Dfalse
89;Yamaha Gear 125 Standard - NIK 2022;5;baik pelayanannya;https://www.tokopedia.com/yamaha-pegasus/yamaha-gear-125-standard-nik-2022-hitam-jkt-tgr?extParam=ivf%3Dfalse
90;Yamaha Gear 125 Standard - NIK 2022;5;mantap ga sampe 1 bln cm 1 minggu..;https://www.tokopedia.com/yamaha-pegasus/yamaha-gear-125-standard-nik-2022-hitam-jkt-tgr?extParam=ivf%3Dfalse
91;Yamaha Gear 125 Standard - NIK 2022;5;Mantul lah motornya, bisa cash dan dikirim cepat;https://www.tokopedia.com/yamaha-pegasus/yamaha-gear-125-standard-nik-2022-cyan-jkt-tgr?extParam=ivf%3Dfalse
92;Yamaha Gear 125 Standard - NIK 2022;5;Motor datang seminggu stlh bayar di Tokped. utk STNK dan Nopol nya keluar 3 Minggu stlh di janjikannya 2 Minggu. tinggal nunggu BKPB nya katanya 2-3 bulan dari STNK dan Nopol di terima. Sellernya coperatif n komunikatif sekali , bisa via WA jg infoinnya, terimakasih ya tinggal unit Lexi saya yg belum datang juga padahal belinya barengan dgn Gear ini di tgl yg sama.;https://www.tokopedia.com/yamaha-pegasus/yamaha-gear-125-standard-nik-2022-cyan-jkt-tgr?extParam=ivf%3Dfalse
93;Yamaha Gear 125 Standard - NIK 2022;5;mantap, rekomen seller, 1 mg dr transaksi unitnya sudah dtg, tinggal tunggu STNK dan BPKB nya, semoga proses cepat & lancar, amin.;https://www.tokopedia.com/yamaha-pegasus/yamaha-gear-125-standard-nik-2022-cyan-jkt-tgr?extParam=ivf%3Dfalse
94;Yamaha Gear 125 Standard - NIK 2022;5;alhamdulilah sudah d terima unit nya,terima kasih pegasus;https://www.tokopedia.com/yamaha-pegasus/yamaha-gear-125-standard-nik-2022-cyan-jkt-tgr?extParam=ivf%3Dfalse
95;Yamaha Gear 125 Standard - NIK 2022;5;seller ramah, komunikatif dan fast response. pengiriman sesuai walaupun agak mepet di akhir. next order freego dsini lg;https://www.tokopedia.com/yamaha-pegasus/yamaha-gear-125-standard-nik-2022-metallic-white-jkt-tgr?extParam=ivf%3Dfalse
96;Yamaha Gear 125 Standard - NIK 2022;5;respon penjual cepat dan ramah. proses tergolong cepat untuk unit PO. unit produk mulus tanpa ada masalah.;https://www.tokopedia.com/yamaha-pegasus/yamaha-gear-125-standard-nik-2022-metallic-white-jkt-tgr?extParam=ivf%3Dfalse
97;Yamaha Gear 125 Standard - NIK 2022;5;yg sy oder warna hijau army tp yg datang warna cyan....waktu info ke admin nya…admin nya sih tanggung jawab n mengakui kesalahan pengiriman...setelah rundingan ya uda deh kt terima aja warna cyan;https://www.tokopedia.com/yamaha-pegasus/yamaha-gear-125-standard-nik-2022-green-jkt-tgr?extParam=ivf%3Dfalse
98;ALL NEW YAMAHA FAZZIO LUX;5;Proses cepat & mudah. Diskon mantap. Recommended seller.;https://www.tokopedia.com/yamaha-pegasus/indent-online-all-new-yamaha-fazzio-lux-matte-black-jkt-tgr?extParam=whid%3D12082450
99;ALL NEW YAMAHA FAZZIO LUX;5;Alhamdulillah barang sdh sampai dengan selamat,respon penjual dan pengirimannya ok. Amanah Alhamdulillah tinggal tunggu stnk dan bpkb;https://www.tokopedia.com/yamaha-pegasus/indent-online-all-new-yamaha-fazzio-lux-matte-black-jkt-tgr?extParam=whid%3D12082450
100;ALL NEW YAMAHA FAZZIO LUX;5;PO 2 bulan kurang, akhirnya barang diantar ke rumah langsung parkir di carport;https://www.tokopedia.com/yamaha-pegasus/indent-online-all-new-yamaha-fazzio-lux-matte-black-jkt-tgr?extParam=whid%3D12082450
101;ALL NEW YAMAHA FAZZIO LUX;5;beli 27 des dtg 3 feb, 39 hr. tinggal stnk dan bpkb. smoga lancar;https://www.tokopedia.com/yamaha-pegasus/indent-online-all-new-yamaha-fazzio-lux-silver-jkt-tgr?extParam=whid%3D12082450
102;ALL NEW YAMAHA FAZZIO LUX;5;Alhamdulillah estimasi 3 bulan, sebulan sudah sampe dgn selamat ;https://www.tokopedia.com/yamaha-pegasus/indent-online-all-new-yamaha-fazzio-lux-silver-jkt-tgr?extParam=whid%3D12082450
103;ALL NEW YAMAHA FAZZIO LUX;5;mantap pokoknya, tinggal tingkat kan komunikasinya saja saat setelah waktu po nya... terima kasih seller terima kasih tokopedia...;https://www.tokopedia.com/yamaha-pegasus/indent-online-all-new-yamaha-fazzio-lux-silver-jkt-tgr?extParam=whid%3D12082450
104;ALL NEW YAMAHA FAZZIO LUX;5;thanks Yamaha Pegasus, barang okay banget pelayanan ramah dan sangat sangat bertanggung jawab, happy saya order disini, bakal kesini lagi kalau cari motor yamaha;https://www.tokopedia.com/yamaha-pegasus/indent-online-all-new-yamaha-fazzio-lux-silver-jkt-tgr?extParam=whid%3D12082450
105;ALL NEW YAMAHA FAZZIO LUX;5;inden 2 bulan, 3 hari diinfo diantar;https://www.tokopedia.com/yamaha-pegasus/indent-online-all-new-yamaha-fazzio-lux-putih-jkt-tgr?extParam=whid%3D12082450
106;NEW HONDA SCOOPY FASHION SPORTY CBS ISS;5;Recommended seller, fast respon, pengirimannya juga cepet, semoga lancar sampek semua dokumennya selesai ya;https://shopee.co.id/product/213225439/5220758189?gclid=CjwKCAjwjMiiBhA4EiwAZe6jQ0u8-8pyIptHfyR9YV55vFbXVE_xzKRy8ONSsiiN26XqHwtaAjja0RoCFkEQAvD_BwE
107;NEW HONDA SCOOPY FASHION SPORTY CBS ISS;5;Akhirnya sampai juga scoppy ku...15 hari menanti..terimakasih shoppe dan namo auto...saat pandemi ini kalian berdua yg bisa membantu keinginanku...tdk usaha harus keluar kesana kemari cukup buka shopee...semoga shopee bisa jual kendaraan R4...aamiin.;https://shopee.co.id/product/213225439/5220758189?gclid=CjwKCAjwjMiiBhA4EiwAZe6jQ0u8-8pyIptHfyR9YV55vFbXVE_xzKRy8ONSsiiN26XqHwtaAjja0RoCFkEQAvD_BwE
108;NEW HONDA SCOOPY FASHION SPORTY CBS ISS;5;Pengiriman dan pelayanan kilat pesenan sehari sampe. Recommend banget bagi yg mau beli motor online. Tokonya terpercaya. Suka banget dengan motornya. Thanks seller;https://shopee.co.id/product/213225439/5220758189?gclid=CjwKCAjwjMiiBhA4EiwAZe6jQ0u8-8pyIptHfyR9YV55vFbXVE_xzKRy8ONSsiiN26XqHwtaAjja0RoCFkEQAvD_BwE
109;NEW HONDA SCOOPY FASHION SPORTY CBS ISS;5;Mendarat dengan selamat, Seller fast Respond! Recommended banget lah pokoknya. Thanks Numa Auto!;https://shopee.co.id/product/213225439/5220758189?gclid=CjwKCAjwjMiiBhA4EiwAZe6jQ0u8-8pyIptHfyR9YV55vFbXVE_xzKRy8ONSsiiN26XqHwtaAjja0RoCFkEQAvD_BwE
110;NEW HONDA SCOOPY FASHION SPORTY CBS ISS;5;Pengiriman cepat harga lebih mahal sih dr dealer2 cm lengkap barangnya..thanx yaaa...;https://shopee.co.id/product/213225439/5220758189?gclid=CjwKCAjwjMiiBhA4EiwAZe6jQ0u8-8pyIptHfyR9YV55vFbXVE_xzKRy8ONSsiiN26XqHwtaAjja0RoCFkEQAvD_BwE
111;NEW HONDA SCOOPY FASHION SPORTY CBS ISS;5;Seller Fast Respon , Pesan siang malemnya motor dianter , Thanks Numa Auto;https://shopee.co.id/product/213225439/5220758189?gclid=CjwKCAjwjMiiBhA4EiwAZe6jQ0u8-8pyIptHfyR9YV55vFbXVE_xzKRy8ONSsiiN26XqHwtaAjja0RoCFkEQAvD_BwE
112;NEW HONDA SCOOPY FASHION SPORTY CBS ISS;5;Penjual sangat responsif. Pengiriman cepat.;https://shopee.co.id/product/213225439/5220758189?gclid=CjwKCAjwjMiiBhA4EiwAZe6jQ0u8-8pyIptHfyR9YV55vFbXVE_xzKRy8ONSsiiN26XqHwtaAjja0RoCFkEQAvD_BwE
113;NEW HONDA SCOOPY FASHION SPORTY CBS ISS;5;Sudah tidak diragukan lagi beli motor sama Numa Auto , pembelian Scoopy ke2 , Mlm Trx besok siang motor udah sampai , Thanks you Numa Auto;https://shopee.co.id/product/213225439/5220758189?gclid=CjwKCAjwjMiiBhA4EiwAZe6jQ0u8-8pyIptHfyR9YV55vFbXVE_xzKRy8ONSsiiN26XqHwtaAjja0RoCFkEQAvD_BwE
114;HONDA VARIO 125 CBS ISS SMARTKEY;5;Untuk yg ke 2 kali nya beli motor di @numa_auto teteup excellent service nya, fast response and friendly admin.. Thanks Numa auto, Semoga semakin berkah dan sukses..;https://shopee.co.id/product/213225439/7412635735?gclid=CjwKCAjwjMiiBhA4EiwAZe6jQyJjmcYZm8E5qxlzRzlNHIcquCViYjwLMq5KZP94u5Ch1g7qU2ahFRoCpAoQAvD_BwE
115;HONDA VARIO 125 CBS ISS SMARTKEY;5;Pelayan super ramah dengan respon cepat, pengiriman yang super-duper kilat,,, malam pesan,,, sore jam 15:30 wib motor sampai dilokasi,,, yg nungguin motor baru happy,,,,, highly recommended.. Puas beut dah;https://shopee.co.id/product/213225439/7412635735?gclid=CjwKCAjwjMiiBhA4EiwAZe6jQyJjmcYZm8E5qxlzRzlNHIcquCViYjwLMq5KZP94u5Ch1g7qU2ahFRoCpAoQAvD_BwE
116;HONDA VARIO 125 CBS ISS SMARTKEY;5;respon penjual cepat, motor diterima diluar harapan malam ini di pesan besok sore barang sampai, motor sesuai pesanan, semoga STNK dan BPKB juga cepat;https://shopee.co.id/product/213225439/7412635735?gclid=CjwKCAjwjMiiBhA4EiwAZe6jQyJjmcYZm8E5qxlzRzlNHIcquCViYjwLMq5KZP94u5Ch1g7qU2ahFRoCpAoQAvD_BwE
117;HONDA VARIO 125 CBS ISS SMARTKEY;5;Pengiriman barang sangat cepat. Penjual cepat merespon. proses tidak bertele-tele. Mantap;https://shopee.co.id/product/213225439/7412635735?gclid=CjwKCAjwjMiiBhA4EiwAZe6jQyJjmcYZm8E5qxlzRzlNHIcquCViYjwLMq5KZP94u5Ch1g7qU2ahFRoCpAoQAvD_BwE
118;HONDA VARIO 125 CBS ISS SMARTKEY;5;Pelayanan ok. Pengiriman barang cepat;https://shopee.co.id/product/213225439/7412635735?gclid=CjwKCAjwjMiiBhA4EiwAZe6jQyJjmcYZm8E5qxlzRzlNHIcquCViYjwLMq5KZP94u5Ch1g7qU2ahFRoCpAoQAvD_BwE
119;HONDA VARIO 125 CBS ISS SMARTKEY;5;Kualitas ok pengiriman cepat;https://shopee.co.id/product/213225439/7412635735?gclid=CjwKCAjwjMiiBhA4EiwAZe6jQyJjmcYZm8E5qxlzRzlNHIcquCViYjwLMq5KZP94u5Ch1g7qU2ahFRoCpAoQAvD_BwE
120;ALL NEW HONDA PCX ABS 160 CC NIK 2022;5;Sangat Puas! 1. Seller very responsive. 2.Pengiriman sesuai dengan informasi yang diberikan oleh seller. 3. Unit fresh. Highly recommended seller! Thanks Numa Auto.;https://shopee.co.id/ALL-NEW-HONDA-PCX-ABS-160-CC-NIK-2022-i.213225439.9715368434?sp_atk=579e8e9f-a3f6-4a33-b1d0-98a6b4128b38&xptdk=579e8e9f-a3f6-4a33-b1d0-98a6b4128b38
121;Honda BeAT CBS;4;Unit motor diterima dengan baik, pengirimannya cepat sejak selesai pembayaran, respon pelayanan seller baik dan cepat. Hanya saja spakbor depannya ternyata warna putih bukan hitam, kurang sesuai dengan gambar iklan, dan tool kit lupa diberikan oleh dealer.;https://shopee.co.id/HONDA-BEAT-CBS-SEPEDA-MOTOR-i.213225439.7712625747
122;Honda BeAT CBS;5;pengiriman sangat cepat, proses nya juga cepat, respon adminnya sangat baik. terima kasih numa auto.;https://shopee.co.id/HONDA-BEAT-CBS-SEPEDA-MOTOR-i.213225439.7712625747
123;Honda BeAT CBS;5;Alhamdulillah motor sudah di terima... Sehari langsung sampai.. Terimakasih;https://shopee.co.id/HONDA-BEAT-CBS-SEPEDA-MOTOR-i.213225439.7712625747
124;Honda BeAT CBS;5;Barang diterima lebih awal, sesuai dg pesanan;https://shopee.co.id/HONDA-BEAT-CBS-SEPEDA-MOTOR-i.213225439.7712625747
125;Honda BeAT CBS;4;Prosesnya dan pengirimannya cepat, sellernya jg ramah, terima kasih ;https://shopee.co.id/HONDA-BEAT-CBS-SEPEDA-MOTOR-i.213225439.7712625747
126;HONDA VARIO 125 CBS ;5;Sangat rekomen!! -Pesan jam 21.00, dikirim esok harinya. -Akurasi pesanan bagus -Komunikasi seller bagus Semoga tidak ada kendala di surat2;https://shopee.co.id/HONDA-VARIO-125-CBS-SEPEDA-MOTOR-i.213225439.7822189493?sp_atk=103e434d-e625-44fc-bf77-0c410fa50dea&xptdk=103e434d-e625-44fc-bf77-0c410fa50dea
127;HONDA VARIO 125 CBS ;5;Pengiriman sangat cepat, kualitas produk sangat baik, produk original, harga produk sangat baik, respon penjual sangat baik, mantap.;https://shopee.co.id/HONDA-VARIO-125-CBS-SEPEDA-MOTOR-i.213225439.7822189493?sp_atk=103e434d-e625-44fc-bf77-0c410fa50dea&xptdk=103e434d-e625-44fc-bf77-0c410fa50dea
128;HONDA VARIO 125 CBS ;5;Kecepatan pengiriman sesuai dengan komitmen penjual dengan bekerjasama dengan rekanan dealer yang dipilih dalam wilayah yang sama dengan pembeli. Sehingga, semuanya serba cepat. Semoga pengurusan STNK dan PPKB pun dapat segera diterima pembeli sesuai informasi yg disampaikan. Buku manual motor ada?;https://shopee.co.id/HONDA-VARIO-125-CBS-SEPEDA-MOTOR-i.213225439.7822189493?sp_atk=103e434d-e625-44fc-bf77-0c410fa50dea&xptdk=103e434d-e625-44fc-bf77-0c410fa50dea
129;HONDA VARIO 125 CBS ;5;Order siang,,malam lgsg sampai,, Rekomendasi untuk yg butuh motor cepat;https://shopee.co.id/HONDA-VARIO-125-CBS-SEPEDA-MOTOR-i.213225439.7822189493?sp_atk=103e434d-e625-44fc-bf77-0c410fa50dea&xptdk=103e434d-e625-44fc-bf77-0c410fa50dea
130;HONDA VARIO 125 CBS ;5;Mas Mulyadi selaku Penjual sangat ramah dan bisa diajak diskusi.. Insyallah aman dan bisa dipercaya;https://shopee.co.id/HONDA-VARIO-125-CBS-SEPEDA-MOTOR-i.213225439.7822189493?sp_atk=103e434d-e625-44fc-bf77-0c410fa50dea&xptdk=103e434d-e625-44fc-bf77-0c410fa50dea
131;HONDA VARIO 125 CBS ;5;Warna meeleah warna favorite... thank you shopee.;https://shopee.co.id/HONDA-VARIO-125-CBS-SEPEDA-MOTOR-i.213225439.7822189493?sp_atk=103e434d-e625-44fc-bf77-0c410fa50dea&xptdk=103e434d-e625-44fc-bf77-0c410fa50dea
132;HONDA VARIO 125 CBS ;5;Mantap cepat kirimnya. ;https://shopee.co.id/HONDA-VARIO-125-CBS-SEPEDA-MOTOR-i.213225439.7822189493?sp_atk=103e434d-e625-44fc-bf77-0c410fa50dea&xptdk=103e434d-e625-44fc-bf77-0c410fa50dea
133;HONDA VARIO 125 CBS ;5;MANTAP BUAT JALAN JALAN SI BEDULLL;https://shopee.co.id/HONDA-VARIO-125-CBS-SEPEDA-MOTOR-i.213225439.7822189493?sp_atk=103e434d-e625-44fc-bf77-0c410fa50dea&xptdk=103e434d-e625-44fc-bf77-0c410fa50dea
134;HONDA VARIO 125 CBS ;5;Penjualnya ramah;https://shopee.co.id/HONDA-VARIO-125-CBS-SEPEDA-MOTOR-i.213225439.7822189493?sp_atk=103e434d-e625-44fc-bf77-0c410fa50dea&xptdk=103e434d-e625-44fc-bf77-0c410fa50dea
135;HONDA VARIO 125 CBS ;5;Mantap;https://shopee.co.id/HONDA-VARIO-125-CBS-SEPEDA-MOTOR-i.213225439.7822189493?sp_atk=103e434d-e625-44fc-bf77-0c410fa50dea&xptdk=103e434d-e625-44fc-bf77-0c410fa50dea
136;NEW HONDA BEAT DELUXE CBS ISS;5;Body ramping gampang manuver, bbm nya irit, tampilan modern dan keren, system sudah yang terbaru;https://shopee.co.id/NEW-HONDA-BEAT-DELUXE-CBS-ISS-SEPEDA-MOTOR-i.213225439.5216230196?sp_atk=f0618352-8b4e-4170-86b9-32ebf714b821&xptdk=f0618352-8b4e-4170-86b9-32ebf714b821
137;NEW HONDA BEAT DELUXE CBS ISS;5;Mantap....sesuai harapan, suka sekali motornya, pelayanan sangat ramah, cepat datang, pokoknya lapak ini super banget, terimakasih ya..sukses selalu buat lapaknya;https://shopee.co.id/NEW-HONDA-BEAT-DELUXE-CBS-ISS-SEPEDA-MOTOR-i.213225439.5216230196?sp_atk=f0618352-8b4e-4170-86b9-32ebf714b821&xptdk=f0618352-8b4e-4170-86b9-32ebf714b821
138;NEW HONDA BEAT DELUXE CBS ISS;5;Motor sampai dengan cepat, admin juga super ramah.. pokoknya oke bgt;https://shopee.co.id/NEW-HONDA-BEAT-DELUXE-CBS-ISS-SEPEDA-MOTOR-i.213225439.5216230196?sp_atk=f0618352-8b4e-4170-86b9-32ebf714b821&xptdk=f0618352-8b4e-4170-86b9-32ebf714b821
139;NEW HONDA BEAT DELUXE CBS ISS;5;Motornya sampe sesuai pesanan....bonus sendalnya oke.....bonus lainnya blm ya.....jgn lupa dikirim berikut stnk....dan semoga bpkbny juga cepet jadinya.....respon penjual cepet....thanks numa motor.;https://shopee.co.id/NEW-HONDA-BEAT-DELUXE-CBS-ISS-SEPEDA-MOTOR-i.213225439.5216230196?sp_atk=f0618352-8b4e-4170-86b9-32ebf714b821&xptdk=f0618352-8b4e-4170-86b9-32ebf714b821
140;NEW HONDA BEAT DELUXE CBS ISS;5;Seller responsif dan ramah serta cepat dalam merespon, proses dari pemesanan ke pengiriman juga cepat. Free item sudah di cek lengkap Hanya tinggal menunggu kabar untuk stnk+bpkb. Terima kasih;https://shopee.co.id/NEW-HONDA-BEAT-DELUXE-CBS-ISS-SEPEDA-MOTOR-i.213225439.5216230196?sp_atk=f0618352-8b4e-4170-86b9-32ebf714b821&xptdk=f0618352-8b4e-4170-86b9-32ebf714b821
141;NEW HONDA BEAT DELUXE CBS ISS;5;Pengiriman cepat, admin sabar,,, sampe rumah selamat body mulus, thanks kaka :) Semoga tokonya Amanah terus yah, dan semoga cusyomernya makin bayakkkk;https://shopee.co.id/NEW-HONDA-BEAT-DELUXE-CBS-ISS-SEPEDA-MOTOR-i.213225439.5216230196?sp_atk=f0618352-8b4e-4170-86b9-32ebf714b821&xptdk=f0618352-8b4e-4170-86b9-32ebf714b821
142;NEW HONDA BEAT DELUXE CBS ISS;5;alhamdulillah motor sudah sampai sesuai dengan pesanan.. walopun nunggu beberapa hari baru ready tapi seller bertanggung jawab.. seller baik sekali fast respon juga.. semoga amanah selalu dan sukses;https://shopee.co.id/NEW-HONDA-BEAT-DELUXE-CBS-ISS-SEPEDA-MOTOR-i.213225439.5216230196?sp_atk=f0618352-8b4e-4170-86b9-32ebf714b821&xptdk=f0618352-8b4e-4170-86b9-32ebf714b821
143;NEW HONDA BEAT DELUXE CBS ISS;5;Sangat membantu untuk yang ingin cicilan dibawah bunga leasing hanya saja Biaya Layanan CC (di Shopee) sangat besar hingga 10% dari total harga...semoga Shopee bisa merubahnya utk meningkatkan pelayanan pembeli;https://shopee.co.id/NEW-HONDA-BEAT-DELUXE-CBS-ISS-SEPEDA-MOTOR-i.213225439.5216230196?sp_atk=f0618352-8b4e-4170-86b9-32ebf714b821&xptdk=f0618352-8b4e-4170-86b9-32ebf714b821
144;NEW HONDA BEAT DELUXE CBS ISS;5;Alhamdulillah motor dah sampe begitu juga stnk tinggal tunggu bpkb, alhamdulillah bisa split payment, good seller, alhamdulillah bpkb dah kelar dan sdh ditangan, seller amanah, makasih;https://shopee.co.id/NEW-HONDA-BEAT-DELUXE-CBS-ISS-SEPEDA-MOTOR-i.213225439.5216230196?sp_atk=f0618352-8b4e-4170-86b9-32ebf714b821&xptdk=f0618352-8b4e-4170-86b9-32ebf714b821
145;NEW HONDA BEAT DELUXE CBS ISS;5;lumayan bagus motornya, penjualnya juga membantu, pengirimannya tepat waktu, cuman aku berharap platnya jangan ada angka 4, hehe;https://shopee.co.id/NEW-HONDA-BEAT-DELUXE-CBS-ISS-SEPEDA-MOTOR-i.213225439.5216230196?sp_atk=f0618352-8b4e-4170-86b9-32ebf714b821&xptdk=f0618352-8b4e-4170-86b9-32ebf714b821
146;NEW HONDA BEAT DELUXE CBS ISS;5;Terima kasih barang sdh sampai. Respon penjual sangat baik. Pokoknya mantap;https://shopee.co.id/NEW-HONDA-BEAT-DELUXE-CBS-ISS-SEPEDA-MOTOR-i.213225439.5216230196?sp_atk=f0618352-8b4e-4170-86b9-32ebf714b821&xptdk=f0618352-8b4e-4170-86b9-32ebf714b821
147;NEW HONDA BEAT DELUXE CBS ISS;5;Sangat menyukai toko ini, adminnya ramah dan terpercaya. Semoga lain waktu bisa kembali belanja di toko ini.;https://shopee.co.id/NEW-HONDA-BEAT-DELUXE-CBS-ISS-SEPEDA-MOTOR-i.213225439.5216230196?sp_atk=f0618352-8b4e-4170-86b9-32ebf714b821&xptdk=f0618352-8b4e-4170-86b9-32ebf714b821
148;NEW HONDA BEAT DELUXE CBS ISS;5;Terimakasih amat sangat membantu dengan pembayaran bill payment..sales ramah dan sangat membantu..makin sukses ya Numa aoto;https://shopee.co.id/NEW-HONDA-BEAT-DELUXE-CBS-ISS-SEPEDA-MOTOR-i.213225439.5216230196?sp_atk=f0618352-8b4e-4170-86b9-32ebf714b821&xptdk=f0618352-8b4e-4170-86b9-32ebf714b821
149;NEW HONDA BEAT DELUXE CBS ISS;5;Respon sangat cepat & baik. Barang bagus. Recomended;https://shopee.co.id/NEW-HONDA-BEAT-DELUXE-CBS-ISS-SEPEDA-MOTOR-i.213225439.5216230196?sp_atk=f0618352-8b4e-4170-86b9-32ebf714b821&xptdk=f0618352-8b4e-4170-86b9-32ebf714b821
150;NEW HONDA BEAT DELUXE CBS ISS;5;oke deh motor sangat baik penjual sangat baik, thanks pak sukses terus;https://shopee.co.id/NEW-HONDA-BEAT-DELUXE-CBS-ISS-SEPEDA-MOTOR-i.213225439.5216230196?sp_atk=f0618352-8b4e-4170-86b9-32ebf714b821&xptdk=f0618352-8b4e-4170-86b9-32ebf714b821
151;NEW HONDA BEAT DELUXE CBS ISS;5;Pelayanan luar biasa, surprise... kurang dari 4 jam motor sudah sampai dirumah dengan kondisi baik.;https://shopee.co.id/NEW-HONDA-BEAT-DELUXE-CBS-ISS-SEPEDA-MOTOR-i.213225439.5216230196?sp_atk=f0618352-8b4e-4170-86b9-32ebf714b821&xptdk=f0618352-8b4e-4170-86b9-32ebf714b821
152;NEW HONDA BEAT DELUXE CBS ISS;5;Pengiriman barang cepat sekali, pagi order, sore barang sudah sampai. Top banget;https://shopee.co.id/NEW-HONDA-BEAT-DELUXE-CBS-ISS-SEPEDA-MOTOR-i.213225439.5216230196?sp_atk=f0618352-8b4e-4170-86b9-32ebf714b821&xptdk=f0618352-8b4e-4170-86b9-32ebf714b821
153;NEW HONDA BEAT DELUXE CBS ISS;5;Penjual nya ramah, kemarin proses hari ini sudah dikirim.Terima kasih.;https://shopee.co.id/NEW-HONDA-BEAT-DELUXE-CBS-ISS-SEPEDA-MOTOR-i.213225439.5216230196?sp_atk=f0618352-8b4e-4170-86b9-32ebf714b821&xptdk=f0618352-8b4e-4170-86b9-32ebf714b821
154;NEW HONDA BEAT DELUXE CBS ISS;5;Terimakasih numa auto, cari-cari yang warna silver ke beberapa dealer besar inden 2 bulan, di sini bisa dapet ga pake nunggu 2 bulan. Prosesnya gampang. Terimakasih numa auto;https://shopee.co.id/NEW-HONDA-BEAT-DELUXE-CBS-ISS-SEPEDA-MOTOR-i.213225439.5216230196?sp_atk=f0618352-8b4e-4170-86b9-32ebf714b821&xptdk=f0618352-8b4e-4170-86b9-32ebf714b821
155;NEW HONDA BEAT DELUXE CBS ISS;5;Makasih banyak ya.penjual nya sabar banget.makasih makasih;https://shopee.co.id/NEW-HONDA-BEAT-DELUXE-CBS-ISS-SEPEDA-MOTOR-i.213225439.5216230196?sp_atk=f0618352-8b4e-4170-86b9-32ebf714b821&xptdk=f0618352-8b4e-4170-86b9-32ebf714b821
156;NEW HONDA BEAT DELUXE CBS ISS;5;Spd motor mendarat dalam 2 hari;https://shopee.co.id/NEW-HONDA-BEAT-DELUXE-CBS-ISS-SEPEDA-MOTOR-i.213225439.5216230196?sp_atk=f0618352-8b4e-4170-86b9-32ebf714b821&xptdk=f0618352-8b4e-4170-86b9-32ebf714b821
157;NEW HONDA BEAT DELUXE CBS ISS;5;Makasih banyak, saya puas belanja di toko ini ;https://shopee.co.id/NEW-HONDA-BEAT-DELUXE-CBS-ISS-SEPEDA-MOTOR-i.213225439.5216230196?sp_atk=f0618352-8b4e-4170-86b9-32ebf714b821&xptdk=f0618352-8b4e-4170-86b9-32ebf714b821
158;NEW HONDA BEAT DELUXE CBS ISS;5;Quickrespon top lah;https://shopee.co.id/NEW-HONDA-BEAT-DELUXE-CBS-ISS-SEPEDA-MOTOR-i.213225439.5216230196?sp_atk=f0618352-8b4e-4170-86b9-32ebf714b821&xptdk=f0618352-8b4e-4170-86b9-32ebf714b821
159;NEW HONDA BEAT DELUXE CBS ISS;5;Prosesnya cepat;https://shopee.co.id/NEW-HONDA-BEAT-DELUXE-CBS-ISS-SEPEDA-MOTOR-i.213225439.5216230196?sp_atk=f0618352-8b4e-4170-86b9-32ebf714b821&xptdk=f0618352-8b4e-4170-86b9-32ebf714b821
160;NEW HONDA BEAT DELUXE CBS ISS;5;Proses cepat Barang bagus;https://shopee.co.id/NEW-HONDA-BEAT-DELUXE-CBS-ISS-SEPEDA-MOTOR-i.213225439.5216230196?sp_atk=f0618352-8b4e-4170-86b9-32ebf714b821&xptdk=f0618352-8b4e-4170-86b9-32ebf714b821
161;HONDA GENIO CBS 2022;5;Recommended Seller! untuk meyakinkan,sebelum transaksi kami cek langsung lokasi penjual, dan valid! Harga sesuai dealer utama, fast respon, komunikatif, support bagus, pengiriman cepat. dan yg paling penting bisa cicil 0%;https://shopee.co.id/HONDA-GENIO-CBS-2022-SEPEDA-MOTOR-i.213225439.4212502988
162;HONDA GENIO CBS 2022;5;Mantap... Beli motor kayak beli kacang. Gampang banget prosesnya. Kemarin siang order hari ini motor sudah dikirim. Penjual responsif.. Puas... ;https://shopee.co.id/HONDA-GENIO-CBS-2022-SEPEDA-MOTOR-i.213225439.4212502988
163;HONDA GENIO CBS 2022;5;Merchant yang Paling responsif di bandingkan lapak yang lain Dan harga transparan;https://shopee.co.id/HONDA-GENIO-CBS-2022-SEPEDA-MOTOR-i.213225439.4212502988
164;NEW HONDA BEAT DELUXE CBS ISS;5;Alhamdulillah mendarat dengan selamat, pengiriman super cepat, proses mudah, seller ramah, respon cepat, puas belanja disini, insyaa Allah taon depan bisa beli lagi buat jagoanku.. Thanks ya seller .. Thanks ya shopee..;https://shopee.co.id/ALL-NEW-HONDA-BEAT-DELUXE-CBS-ISS-i.798554572.21136717117?sp_atk=fbe63e88-58cd-4eae-94f6-a9591ff92d2d&xptdk=fbe63e88-58cd-4eae-94f6-a9591ff92d2d
165;NEW HONDA BEAT DELUXE CBS ISS;5;Kemarin pesen besok langsung dianter langsung kerumah, mantap;https://shopee.co.id/ALL-NEW-HONDA-BEAT-DELUXE-CBS-ISS-i.798554572.21136717117?sp_atk=fbe63e88-58cd-4eae-94f6-a9591ff92d2d&xptdk=fbe63e88-58cd-4eae-94f6-a9591ff92d2d
166;NEW HONDA BEAT DELUXE CBS ISS;5;Tampilan: keren, kualitas: bagus bgt, cocok untuk: sangat cocok sekali, Pokoknya GK nyesel belanja di toko ini Penjual nya ramah. Dan super cepat respon nya. Dan jacket nya bukan jaket abal_ sprti biasanya. Ini bagus bgt. Wah pasti saya rekomendasikan sama sodar2 dan tmn2. Makasih ya berkah;https://shopee.co.id/ALL-NEW-HONDA-BEAT-DELUXE-CBS-ISS-i.798554572.21136717117?sp_atk=fbe63e88-58cd-4eae-94f6-a9591ff92d2d&xptdk=fbe63e88-58cd-4eae-94f6-a9591ff92d2d
167;NEW HONDA SCOOPY PRESTIGE & STYLISH SMARTKEY;5;Tampilan: mantap, Kualitas: mantap, Selasa bayar tanda jadi, Kamis dikabarin ada barangnya langsung dilunasin, Jumat malem dikirim. Mantap bener. Di dealer indent s.d 2 bulan;https://shopee.co.id/NEW-HONDA-SCOOPY-PRESTIGE-STYLISH-SMARTKEY-i.798554572.18626093482?xptdk=940aaf10-cca3-4e90-85d7-470858a00f30
168;NEW HONDA SCOOPY PRESTIGE & STYLISH SMARTKEY;5;Thx seller..motornya sdh smpai..good seller;https://shopee.co.id/NEW-HONDA-SCOOPY-PRESTIGE-STYLISH-SMARTKEY-i.798554572.18626093482?xptdk=940aaf10-cca3-4e90-85d7-470858a00f30
169;NEW HONDA SCOOPY PRESTIGE & STYLISH SMARTKEY;5;Terima kasih barang sudah diterima pesan hari senin , selasanya sudah dikirim.. Adminnya fast respon ramah bgt;https://shopee.co.id/NEW-HONDA-SCOOPY-PRESTIGE-STYLISH-SMARTKEY-i.798554572.18626093482?xptdk=940aaf10-cca3-4e90-85d7-470858a00f30
170;NEW HONDA SCOOPY PRESTIGE & STYLISH SMARTKEY;5;Tampilan: Bagus, Kualitas: baik, Cocok untuk: jalan-jalan, Termikasih seller. Amanah dan kooperatif sekali. Awalnya order putih. Tapi lama bgt inden-Nya, 2 minggu kemudian dikabarin ready stock warna Brown. Langsung sikat. Next kalo mau beli motor disini lagi kayaknya. Mantap Servicenya;https://shopee.co.id/NEW-HONDA-SCOOPY-PRESTIGE-STYLISH-SMARTKEY-i.798554572.18626093482?xptdk=940aaf10-cca3-4e90-85d7-470858a00f30
171;NEW HONDA PCX CBS 160CC;5;Tampilan: Sangat baik, Kualitas: Sangat baik, Cocok untuk: L/P, Keren banget, bilang PO 30hr gataunya 4hr motor sudah sampai, respon admin jg bagus banget pokoknya rekomen bgt beli disini Alhamdulillah.;https://shopee.co.id/NEW-HONDA-PCX-CBS-160CC-i.798554572.13694291559?sp_atk=d60377e6-3d01-4784-9039-17e7f30da5c3&xptdk=d60377e6-3d01-4784-9039-17e7f30da5c3
172;NEW HONDA PCX CBS 160CC;5;Tampilan: Sangat baik, Kualitas: Sangat baik, Cocok untuk: L/P, Keren banget, bilang PO 30hr gataunya 4hr motor sudah sampai, respon admin jg bagus banget pokoknya rekomen bgt beli disini Alhamdulillah.;https://shopee.co.id/NEW-HONDA-PCX-CBS-160CC-i.798554572.13694291559?sp_atk=d60377e6-3d01-4784-9039-17e7f30da5c3&xptdk=d60377e6-3d01-4784-9039-17e7f30da5c3
173;NEW HONDA PCX CBS 160CC;5;Tampilan: PCX merah merona, Kualitas: bagus, Cocok untuk: berkendara, aduh ga bs berkata kata lg. pesen hari ini besok langsung antar. banyak gratisan yah. dapat jaket cover remot. dudukan flat nomor dan stnk jd cepet kali. penjual ramah komunikatif. pokok ya rameein dah ga nyesel. body warna sesuai yg d pesen. beli motor d shoopee banyak untung yah. beli motor di sini banyak gratisan ya.;https://shopee.co.id/NEW-HONDA-PCX-CBS-160CC-i.798554572.13694291559?sp_atk=d60377e6-3d01-4784-9039-17e7f30da5c3&xptdk=d60377e6-3d01-4784-9039-17e7f30da5c3
174;NEW HONDA PCX CBS 160CC;5;Tampilan: khas PCX, Kualitas: New, Cocok untuk: Sunday Morning Ride, PCX 160 CBS 2023 kode PK telah sampai stlh menunggu sekitar 2 mingguan. Thx.;https://shopee.co.id/NEW-HONDA-PCX-CBS-160CC-i.798554572.13694291559?sp_atk=d60377e6-3d01-4784-9039-17e7f30da5c3&xptdk=d60377e6-3d01-4784-9039-17e7f30da5c3
175;Selis New Balis;5;Proses cepat & mudah. Pengiriman via ekspedisi lain karena penawaran harga J&T Cargo yang berubah-ubah. Tapi sayang ongkos packing kayu yang diminta bayar langsung ke J&T Cargo belum dikembalikan oleh pihak J&T Cargo sampai hari ini ;https://www.tokopedia.com/selis/selis-new-balis-putih
176;Selis New Balis;5;Barang sesuai deskripsi dan berfungsi baik;https://www.tokopedia.com/selis/selis-new-balis-putih
177;Selis New Balis;3;Not recommeded.. Suspensi keras.. Kualitas material jelek.. Tidak dikasih buku panduan dan saat tny CS dan teknisi sangat slow respon..Rasa aneh saja, brg seharga 42jt tidak ada buku panduan cara pemakaian dan perawatan nya.. setelah 2 hari baru dikirim Owner Manual melalui WA, itupun ga lengkap.. Poin2 pertanyaan sy tidak terjawab dlm petunjuk tsb.. Disarankan dan dikasih nomor WA teknisi,, ini sudah 1 minggu sejak saya terima barang, dan belum dijawab juga..;https://www.tokopedia.com/selis/selis-new-balis-putih
178;Motor listrik Selis Neo Scootic;5;Terimakasih motornya bagus, untuk pengiriman sebetulnya normal atau biasa saja. hanya terkadang proses dari awal transaksi mulai dr proses sd kirim barang actionnya agak santai, hal yg selalu ditanyakan adalah kapan akan dikirim, jawabannya sesuai deskripsi. sesuai deskripsi itu pengiriman estimasi terlama bukan waktu yg akan dikirim. semoga ke depannya pertanyaan2 ini lebih informatif lg agar pembeli tidak resah nungguin kapan barang akan datang.;https://www.tokopedia.com/selis/motor-listrik-selis-neo-scootic-off-the-road?extParam=whid%3D452900
179;Motor listrik Selis Neo Scootic;4;Packaging Rapi & Aman Kualitas produk bagus Produk Sesuai Deskripsi. lama di pengiriman. awalnya warna merah..... akhirnya biar cepet, adanya warna hitam.;https://www.tokopedia.com/selis/motor-listrik-selis-neo-scootic-off-the-road?extParam=whid%3D452900
180;Yamaha XSR 155;5;Kelebihan: Pengiriman sehari langsung jadi. STNK cuma 2 minggu-an langsung jadi. Kekurangan: STCK butuh 5 hari kerja (satu minggu);https://www.tokopedia.com/ymhjabar/yamaha-xsr-155-sepeda-motor-hitam-bandung?extParam=ivf%3Dfalse%26src%3Dsearch
181;Yamaha XSR 155;5;belanja puas harga paz trims salez wina;https://www.tokopedia.com/ymhjabar/yamaha-xsr-155-sepeda-motor-hitam-bandung?extParam=ivf%3Dfalse%26src%3Dsearch
182;Yamaha XSR 155;5;Proses sangat cepat pelayanan sangat baik terima kasih mba wina nanti saya order lagi yang banyak;https://www.tokopedia.com/ymhjabar/yamaha-xsr-155-sepeda-motor-hitam-bandung?extParam=ivf%3Dfalse%26src%3Dsearch
183;Yamaha XSR 155;5;top;https://www.tokopedia.com/ymhjabar/yamaha-xsr-155-sepeda-motor-hitam-bandung?extParam=ivf%3Dfalse%26src%3Dsearch
184;Yamaha XSR 155;4;bagus, sesuai expektasi, mudah2an stnk nya jg ga lama2, krn sdh 2 minggu lebih menunggu;https://www.tokopedia.com/ymhjabar/yamaha-xsr-155-sepeda-motor-hitam-bandung?extParam=ivf%3Dfalse%26src%3Dsearch
185;Yamaha XSR 155;5;Barangnya ok..warna hitam yg jd idaman kosong di mana2 diperjuangkan oleh Bu Wina...dapat bonus jacket kulit lg..keren JG Motor...;https://www.tokopedia.com/ymhjabar/yamaha-xsr-155-sepeda-motor-hitam-bandung?extParam=ivf%3Dfalse%26src%3Dsearch
186;Yamaha XSR 155;5;Unit cepat sampai, harga terjangkau krna dpt diskon. Pelayanan ramah;https://www.tokopedia.com/ymhjabar/yamaha-xsr-155-sepeda-motor-hitam-bandung?extParam=ivf%3Dfalse%26src%3Dsearch
187;Yamaha XSR 155;5;Fast respon mantap, sehari langsung dikirim;https://www.tokopedia.com/ymhjabar/yamaha-xsr-155-sepeda-motor-hitam-bandung?extParam=ivf%3Dfalse%26src%3Dsearch
188;Yamaha XSR 155;5;keren cepet banget;https://www.tokopedia.com/ymhjabar/yamaha-xsr-155-sepeda-motor-hitam-bandung?extParam=ivf%3Dfalse%26src%3Dsearch
189;Yamaha XSR 155;5;pelayanan ramah, motornya cepet sampe;https://www.tokopedia.com/ymhjabar/yamaha-xsr-155-sepeda-motor-hitam-bandung?extParam=ivf%3Dfalse%26src%3Dsearch
190;Yamaha XSR 155;5;Beli pagi, sore sampe. Mantul. Tinggal nunggu surat-suratnya;https://www.tokopedia.com/ymhjabar/yamaha-xsr-155-sepeda-motor-hitam-bandung?extParam=ivf%3Dfalse%26src%3Dsearch
191;Yamaha XSR 155;5;barang sudah keterima dengan baik,tidak ada cacat,gratis ongkirnya dapat bonus STCK dan asuransi jiwa mantap Yamaha JG Motor.terimakssih.Diskon mantap. Proses cepat & mudah. sopir ramah.thanks;https://www.tokopedia.com/ymhjabar/yamaha-xsr-155-sepeda-motor-hitam-bandung?extParam=ivf%3Dfalse%26src%3Dsearch
192;Yamaha XSR 155;5;Diskon mantap. Keren bisa beli motor di Tokopedia. Proses cepat & mudah.;https://www.tokopedia.com/ymhjabar/yamaha-xsr-155-sepeda-motor-hitam-bandung?extParam=ivf%3Dfalse%26src%3Dsearch
193;Yamaha XSR 155;5;motor nya keren sesuai pesanan, diskonnya mantap, semoga makin maju untuk yamaha,, tinggal yamaha fazzio cocok nih untuk istri,,;https://www.tokopedia.com/ymhjabar/yamaha-xsr-155-sepeda-motor-hitam-bandung?extParam=ivf%3Dfalse%26src%3Dsearch
194;Yamaha XSR 155;5;Diskon mantap. Proses cepat & mudah.;https://www.tokopedia.com/ymhjabar/yamaha-xsr-155-sepeda-motor-hitam-bandung?extParam=ivf%3Dfalse%26src%3Dsearch
195;Yamaha XSR 155;5;Respon Cepat, Pengiriman Cepat, STNK+Plat diterima sekitar 4 minggu. Tinggal tunggu BPKB;https://www.tokopedia.com/ymhjabar/yamaha-xsr-155-sepeda-motor-hitam-bandung?extParam=ivf%3Dfalse%26src%3Dsearch
196;Yamaha XSR 155;5;Motornya keren. Proses pembelian gampang. Pengirimannya juga cepat.;https://www.tokopedia.com/detayamaha/deta-sepeda-motor-yamaha-xsr-155-2023-metallic-silver-dki-jakarta?extParam=ivf%3Dfalse%26src%3Dsearch
197;Yamaha XSR 155;5;Mantap, respon admin cepat dab memuaskan. Recommended seller.;https://www.tokopedia.com/yamahakencanamotor/kencana-sepeda-motor-yamaha-xsr-155-2023-matte-silver-jakarta-42ea2?extParam=ivf%3Dfalse%26src%3Dsearch
198;Uwinfly Blue Whale;5;mantap gan pengiriman cepat bngt;https://www.tokopedia.com/tokosevenstore77/sepeda-motor-uwinfly-blue-whale-new-garansi-resmi-black?extParam=ivf%3Dfalse%26src%3Dsearch
199;Uwinfly Blue Whale;5;makasih seller barngnya ori tidak kenapa2 pengiriman baik dan cepat;https://www.tokopedia.com/tokosevenstore77/sepeda-motor-uwinfly-blue-whale-new-garansi-resmi-black?extParam=ivf%3Dfalse%26src%3Dsearch
200;Uwinfly Blue Whale;5;thanks sampai dgn selamat;https://www.tokopedia.com/topblessindonesia/sepeda-motor-uwinfly-blue-whale-garansi-resmi-red?extParam=ivf%3Dfalse%26src%3Dsearch
201;Uwinfly Blue Whale;5;penjual sangat responsif.barang sesuai pesanan . Alhamdulillah selamat sampe tujuan .meskipun cover arm ada yg patah tp masih bisa di perbaiki . rekomendasi sekali buat yg mau beli motor listrik.. gasnya aga ndut2 an mungkin belum terbiasa tangannya yg biasa satset satset kalau bawa motor semoga bisa di bantu untuk sellernya dlm mengurus berkas2 buat bikin STNK;https://www.tokopedia.com/mybike218/motor-listrik-uwinfly-blue-whale-baterai-72v-20ah?extParam=ivf%3Dfalse%26src%3Dsearch
202;Uwinfly Blue Whale;4;cukup baik,gasnya cukup ngejut,bagian spedometer kdg mati2 jg,tp secara fungsional bagus;https://www.tokopedia.com/mybike218/motor-listrik-uwinfly-blue-whale-baterai-72v-20ah?extParam=ivf%3Dfalse%26src%3Dsearch